Workbook

Sheet 说明与脱敏
A1: ⚡综合最优报价策略 · 产出模板
A3: 对应工作流 | B3: 工作流③「汇聚产出」：由 ②分析处理（多维对比+度电利润+趋势+敏感性+政策解读）汇聚而成，输出「针对某电源/某时段，报价上调或下调 X 厘/千瓦时」的行动指令。
A4: 用法 | B4: 1) 在「原料输入(脱敏)」页填入 ①原料数据 中你脱敏后的数值；2) 「策略计算」页自动算出度电利润、煤价敏感性、建议报价调整(厘/kWh)。
A5: ⚠️脱敏红线 | B5: 本模板所有数字均为【示例占位·非真实数据】。真实的结算电价、度电成本、机组明细属内部经营数据——务必脱敏（机组名/厂名打码、真实价换区间或示例值）后再填入，绝不外传、绝不喂公开 AI、绝不发到网上。
A6: 敏感字段 | B6: 度电燃料成本、煤价指数用于敏感性分析；结算电价 vs 市场交易均价决定建议报价方向（结算价低于交易均价→上调抢量，高于→下调让利）。
A7: 调整系数说明 | B7: 「建议报价调整(厘)」= ROUND((市场交易均价 − 结算电价) × 1000, 1)。正值为建议上调、负值为建议下调。实际落地请结合你的成本线与风险承受度手动复核。
A9: （示例数字见「原料输入(脱敏)」页，标灰底，请整列替换为你的脱敏值）

Sheet 原料输入(脱敏)
A2: 电源类型 | B2: 结算电价 (元/kWh·示例) | C2: 度电成本 (元/kWh·示例) | D2: 标杆价/燃煤基准价 (元/kWh·示例) | E2: 市场交易均价 (元/kWh·示例) | F2: 度电燃料成本 (元/kWh·示例) | G2: 煤价指数 (基准=100·示例) | H2: 利用小时 (示例) | I2: 计划电量 (亿kWh·示例)
A3: 煤电 | B3: 0.37 | C3: 0.3 | D3: 0.37 | E3: 0.35 | F3: 0.2 | G3: 100 | H3: 4000 | I3: 50
A4: 风电 | B4: 0.4 | C4: 0.18 | D4: 0.4 | E4: 0.38 | F4: 0 | G4: 100 | H4: 2200 | I4: 20
A5: 光伏 | B5: 0.4 | C5: 0.2 | D5: 0.4 | E5: 0.38 | F5: 0 | G5: 100 | H5: 1400 | I5: 15
A6: 核电 | B6: 0.42 | C6: 0.25 | D6: 0.42 | E6: 0.4 | F6: 0.05 | G6: 100 | H6: 7000 | I6: 30
A8: ⚠️ 上表全部为示例占位数字，请整列替换为你的脱敏后真实值（XX 或区间）。

Sheet 策略计算
A2: 电源类型 | B2: 度电利润 (元/kWh) | C2: 利润 vs 标杆 (元/kWh) | D2: 煤价+10% 新度电利润 | E2: 煤价+10% 利润变动 | F2: 建议报价调整 (厘/kWh) | G2: 策略结论(自动生成)
A3: =A3 | B3: ='原料输入(脱敏)'!B3-'原料输入(脱敏)'!C3 | C3: ='原料输入(脱敏)'!B3-'原料输入(脱敏)'!D3 | D3: ='原料输入(脱敏)'!B3-('原料输入(脱敏)'!C3+'原料输入(脱敏)'!F3*0.1) | E3: =D3-B3 | F3: =ROUND(('原料输入(脱敏)'!E3-'原料输入(脱敏)'!B3)*1000,1) | G3: =IF(F3>0,"建议将"&A3&"报价上调"&TEXT(F3,"0.0")&"厘/千瓦时",IF(F3<0,"建议将"&A3&"报价下调"&TEXT(ABS(F3),"0.0")&"厘/千瓦时","建议"&A3&"报价维持不变"))
A4: =A4 | B4: ='原料输入(脱敏)'!B4-'原料输入(脱敏)'!C4 | C4: ='原料输入(脱敏)'!B4-'原料输入(脱敏)'!D4 | D4: ='原料输入(脱敏)'!B4-('原料输入(脱敏)'!C4+'原料输入(脱敏)'!F4*0.1) | E4: =D4-B4 | F4: =ROUND(('原料输入(脱敏)'!E4-'原料输入(脱敏)'!B4)*1000,1) | G4: =IF(F4>0,"建议将"&A4&"报价上调"&TEXT(F4,"0.0")&"厘/千瓦时",IF(F4<0,"建议将"&A4&"报价下调"&TEXT(ABS(F4),"0.0")&"厘/千瓦时","建议"&A4&"报价维持不变"))
A5: =A5 | B5: ='原料输入(脱敏)'!B5-'原料输入(脱敏)'!C5 | C5: ='原料输入(脱敏)'!B5-'原料输入(脱敏)'!D5 | D5: ='原料输入(脱敏)'!B5-('原料输入(脱敏)'!C5+'原料输入(脱敏)'!F5*0.1) | E5: =D5-B5 | F5: =ROUND(('原料输入(脱敏)'!E5-'原料输入(脱敏)'!B5)*1000,1) | G5: =IF(F5>0,"建议将"&A5&"报价上调"&TEXT(F5,"0.0")&"厘/千瓦时",IF(F5<0,"建议将"&A5&"报价下调"&TEXT(ABS(F5),"0.0")&"厘/千瓦时","建议"&A5&"报价维持不变"))
A6: =A6 | B6: ='原料输入(脱敏)'!B6-'原料输入(脱敏)'!C6 | C6: ='原料输入(脱敏)'!B6-'原料输入(脱敏)'!D6 | D6: ='原料输入(脱敏)'!B6-('原料输入(脱敏)'!C6+'原料输入(脱敏)'!F6*0.1) | E6: =D6-B6 | F6: =ROUND(('原料输入(脱敏)'!E6-'原料输入(脱敏)'!B6)*1000,1) | G6: =IF(F6>0,"建议将"&A6&"报价上调"&TEXT(F6,"0.0")&"厘/千瓦时",IF(F6<0,"建议将"&A6&"报价下调"&TEXT(ABS(F6),"0.0")&"厘/千瓦时","建议"&A6&"报价维持不变"))
A8: ⚠️ 结论为算法建议，落地前须结合成本线与风险承受度人工复核；所有数值均基于示例占位，替换脱敏真实值后方可参考。
